{"cameraMode":{"drawMode":0,"name":"Shaded","section":"Shading Mode"},"sceneLighting":true,"audioPlay":false,"sceneViewState":{"m_AlwaysRefresh":false,"showFog":true,"showSkybox":true,"showFlares":true,"showImageEffects":true,"showParticleSystems":true,"showVisualEffectGraphs":true,"m_FxEnabled":true},"in2DMode":false,"pivot":{"x":1.3644514083862305,"y":-2.3050899505615236,"z":0.9129505157470703},"rotation":{"x":-0.07731557637453079,"y":0.9216317534446716,"z":-0.24498601257801057,"w":-0.2908593416213989},"size":15.529693603515625,"orthographic":false}