{"cameraMode":{"drawMode":0,"name":"Shaded","section":"Shading Mode"},"sceneLighting":false,"audioPlay":false,"sceneViewState":{"m_AlwaysRefresh":false,"showFog":true,"showSkybox":false,"showFlares":true,"showImageEffects":true,"showParticleSystems":true,"showVisualEffectGraphs":true,"m_FxEnabled":true},"in2DMode":false,"pivot":{"x":-0.009999990463256836,"y":1.0099999904632569,"z":1.8899999856948853},"rotation":{"x":0.09636519104242325,"y":0.6212694644927979,"z":-0.07737017422914505,"w":0.7737923264503479},"size":0.459560751914978,"orthographic":true}