{"cameraMode":{"drawMode":0,"name":"Shaded","section":"Shading Mode"},"sceneLighting":false,"audioPlay":false,"sceneViewState":{"m_AlwaysRefresh":false,"showFog":true,"showSkybox":false,"showFlares":true,"showImageEffects":true,"showParticleSystems":true,"showVisualEffectGraphs":true,"m_FxEnabled":true},"in2DMode":false,"pivot":{"x":-2.195650339126587,"y":3.3460521697998049,"z":0.5820559859275818},"rotation":{"x":0.09636519104242325,"y":0.6212694644927979,"z":-0.07737017422914505,"w":0.7737923264503479},"size":2.7589030265808107,"orthographic":true}