{"cameraMode":{"drawMode":0,"name":"Shaded","section":"Shading Mode"},"sceneLighting":false,"audioPlay":false,"sceneViewState":{"m_AlwaysRefresh":false,"showFog":true,"showSkybox":false,"showFlares":true,"showImageEffects":true,"showParticleSystems":true,"showVisualEffectGraphs":true,"m_FxEnabled":true},"in2DMode":false,"pivot":{"x":0.023137658834457399,"y":4.687304973602295,"z":12.750024795532227},"rotation":{"x":0.04308343678712845,"y":0.9460060000419617,"z":-0.14123181998729707,"w":0.2885923683643341},"size":2.8523316383361818,"orthographic":true}