{"cameraMode":{"drawMode":0,"name":"Shaded","section":"Shading Mode"},"sceneLighting":false,"audioPlay":false,"sceneViewState":{"m_AlwaysRefresh":false,"showFog":true,"showSkybox":false,"showFlares":true,"showImageEffects":true,"showParticleSystems":true,"showVisualEffectGraphs":true,"m_FxEnabled":true},"in2DMode":false,"pivot":{"x":-0.6225394010543823,"y":3.613286018371582,"z":0.7040666937828064},"rotation":{"x":0.26324790716171267,"y":0.008682407438755036,"z":-0.0023693314287811519,"w":0.9646870493888855},"size":2.7589030265808107,"orthographic":true}