{"cameraMode":{"drawMode":0,"name":"Shaded","section":"Shading Mode"},"sceneLighting":false,"audioPlay":false,"sceneViewState":{"m_AlwaysRefresh":false,"showFog":true,"showSkybox":true,"showFlares":true,"showImageEffects":true,"showParticleSystems":true,"showVisualEffectGraphs":true,"m_FxEnabled":true},"in2DMode":false,"pivot":{"x":-0.16012142598628999,"y":0.5833333134651184,"z":0.8354983925819397},"rotation":{"x":0.378994882106781,"y":0.07345748692750931,"z":-0.030184553936123849,"w":0.9220011830329895},"size":5.247439384460449,"orthographic":false}