{"cameraMode":{"drawMode":0,"name":"Shaded","section":"Shading Mode"},"sceneLighting":true,"audioPlay":false,"sceneViewState":{"m_AlwaysRefresh":false,"showFog":true,"showSkybox":true,"showFlares":true,"showImageEffects":true,"showParticleSystems":true,"showVisualEffectGraphs":true,"m_FxEnabled":true},"in2DMode":false,"pivot":{"x":-3.538987398147583,"y":3.1494102478027345,"z":11.77455997467041},"rotation":{"x":-0.11846242100000382,"y":-0.03365745767951012,"z":0.0040177092887461189,"w":-0.9923820495605469},"size":0.5660253763198853,"orthographic":false}