{"cameraMode":{"drawMode":0,"name":"Shaded","section":"Shading Mode"},"sceneLighting":true,"audioPlay":false,"sceneViewState":{"m_AlwaysRefresh":false,"showFog":true,"showSkybox":true,"showFlares":true,"showImageEffects":true,"showParticleSystems":true,"showVisualEffectGraphs":true,"m_FxEnabled":true},"in2DMode":false,"pivot":{"x":7.904522895812988,"y":-0.7631354331970215,"z":4.561623573303223},"rotation":{"x":-0.34058207273483279,"y":-0.11160924285650253,"z":0.04077719897031784,"w":-0.9327174425125122},"size":7.9146881103515629,"orthographic":false}