{"cameraMode":{"drawMode":0,"name":"Shaded","section":"Shading Mode"},"sceneLighting":true,"audioPlay":false,"sceneViewState":{"m_AlwaysRefresh":false,"showFog":true,"showSkybox":true,"showFlares":true,"showImageEffects":true,"showParticleSystems":true,"showVisualEffectGraphs":true,"m_FxEnabled":true},"in2DMode":false,"pivot":{"x":39.21930694580078,"y":-1.3516950607299805,"z":-16.322370529174806},"rotation":{"x":0.3315344750881195,"y":-0.08335014432668686,"z":0.029418909922242166,"w":0.9392943978309631},"size":7.327731609344482,"orthographic":false}