{"cameraMode":{"drawMode":0,"name":"Shaded","section":"Shading Mode"},"sceneLighting":true,"audioPlay":false,"sceneViewState":{"m_AlwaysRefresh":false,"showFog":true,"showSkybox":true,"showFlares":true,"showImageEffects":true,"showParticleSystems":true,"showVisualEffectGraphs":true,"m_FxEnabled":true},"in2DMode":false,"pivot":{"x":2.2212934494018556,"y":11.191153526306153,"z":-2.615612030029297},"rotation":{"x":0.3975951075553894,"y":-0.005505480337888002,"z":0.00238800304941833,"w":0.917550802230835},"size":17.304046630859376,"orthographic":false}