{"cameraMode":{"drawMode":0,"name":"Shaded","section":"Shading Mode"},"sceneLighting":true,"audioPlay":false,"sceneViewState":{"m_AlwaysRefresh":false,"showFog":true,"showSkybox":true,"showFlares":true,"showImageEffects":true,"showParticleSystems":true,"showVisualEffectGraphs":true,"m_FxEnabled":true},"in2DMode":false,"pivot":{"x":2.0687308311462404,"y":2.733299732208252,"z":0.15350203216075898},"rotation":{"x":-0.26544877886772158,"y":-0.18003587424755097,"z":0.050611842423677447,"w":-0.9458976984024048},"size":4.594540596008301,"orthographic":false}