{"cameraMode":{"drawMode":0,"name":"Shaded","section":"Shading Mode"},"sceneLighting":true,"audioPlay":false,"sceneViewState":{"m_AlwaysRefresh":false,"showFog":true,"showSkybox":true,"showFlares":true,"showImageEffects":true,"showParticleSystems":true,"showVisualEffectGraphs":true,"m_FxEnabled":true},"in2DMode":false,"pivot":{"x":-0.3360534608364105,"y":2.4168248176574709,"z":0.3429527282714844},"rotation":{"x":0.13684970140457154,"y":0.3376598358154297,"z":-0.04968714341521263,"w":0.9299426674842835},"size":3.257321834564209,"orthographic":false}