{"cameraMode":{"drawMode":0,"name":"Shaded","section":"Shading Mode"},"sceneLighting":true,"audioPlay":false,"sceneViewState":{"m_AlwaysRefresh":false,"showFog":true,"showSkybox":true,"showFlares":true,"showImageEffects":true,"showParticleSystems":true,"showVisualEffectGraphs":true,"m_FxEnabled":true},"in2DMode":false,"pivot":{"x":1317.085693359375,"y":767.3815307617188,"z":141.15928649902345},"rotation":{"x":-0.29717931151390078,"y":-0.02091141790151596,"z":0.006510310806334019,"w":-0.9545775651931763},"size":480.9761962890625,"orthographic":true}