{"cameraMode":{"drawMode":0,"name":"Shaded","section":"Shading Mode"},"sceneLighting":true,"audioPlay":false,"sceneViewState":{"m_AlwaysRefresh":false,"showFog":true,"showSkybox":true,"showFlares":true,"showImageEffects":true,"showParticleSystems":true,"showVisualEffectGraphs":true,"m_FxEnabled":true},"in2DMode":false,"pivot":{"x":432.1729736328125,"y":91.77459716796875,"z":-69.30519104003906},"rotation":{"x":-0.05756038799881935,"y":-0.02605546824634075,"z":0.0015216750325635076,"w":-0.9980394244194031},"size":172.9519805908203,"orthographic":false}