{"cameraMode":{"drawMode":0,"name":"Shaded","section":"Shading Mode"},"sceneLighting":true,"audioPlay":false,"sceneViewState":{"m_AlwaysRefresh":false,"showFog":true,"showSkybox":true,"showFlares":true,"showImageEffects":true,"showParticleSystems":true,"showVisualEffectGraphs":true,"m_FxEnabled":true},"in2DMode":false,"pivot":{"x":-12.571825981140137,"y":-22.770580291748048,"z":12.902998924255371},"rotation":{"x":-0.2510634958744049,"y":0.01509761344641447,"z":-0.003916398622095585,"w":-0.9678478837013245},"size":15.023033142089844,"orthographic":false}