{"cameraMode":{"drawMode":0,"name":"Shaded","section":"Shading Mode"},"sceneLighting":true,"audioPlay":false,"sceneViewState":{"m_AlwaysRefresh":false,"showFog":true,"showSkybox":true,"showFlares":true,"showImageEffects":true,"showParticleSystems":true,"showVisualEffectGraphs":true,"m_FxEnabled":true},"in2DMode":false,"pivot":{"x":-10.838506698608399,"y":36.58399963378906,"z":-0.5288429260253906},"rotation":{"x":-0.14461880922317506,"y":-0.47064337134361269,"z":0.07851776480674744,"w":-0.8668495416641235},"size":42.70952606201172,"orthographic":true}