{"cameraMode":{"drawMode":0,"name":"Shaded","section":"Shading Mode"},"sceneLighting":false,"audioPlay":false,"sceneViewState":{"m_AlwaysRefresh":false,"showFog":true,"showSkybox":false,"showFlares":true,"showImageEffects":true,"showParticleSystems":true,"showVisualEffectGraphs":true,"m_FxEnabled":true},"in2DMode":false,"pivot":{"x":-0.03968667611479759,"y":0.13059018552303315,"z":0.27319905161857607},"rotation":{"x":0.011927110143005848,"y":0.9505628347396851,"z":-0.3081647753715515,"w":0.03679937869310379},"size":0.025135474279522897,"orthographic":false}