{"cameraMode":{"drawMode":0,"name":"Shaded","section":"Shading Mode"},"sceneLighting":false,"audioPlay":false,"sceneViewState":{"m_AlwaysRefresh":false,"showFog":true,"showSkybox":false,"showFlares":true,"showImageEffects":true,"showParticleSystems":true,"showVisualEffectGraphs":true,"m_FxEnabled":true},"in2DMode":false,"pivot":{"x":-0.6262221336364746,"y":2.832352876663208,"z":0.7078871726989746},"rotation":{"x":0.2845456302165985,"y":0.1952667087316513,"z":-0.059277091175317767,"w":0.9367339015007019},"size":5.6660261154174809,"orthographic":false}