{"cameraMode":{"drawMode":0,"name":"Shaded","section":"Shading Mode"},"sceneLighting":false,"audioPlay":false,"sceneViewState":{"m_AlwaysRefresh":false,"showFog":true,"showSkybox":false,"showFlares":true,"showImageEffects":true,"showParticleSystems":true,"showVisualEffectGraphs":true,"m_FxEnabled":true},"in2DMode":false,"pivot":{"x":-0.546447217464447,"y":3.6322021484375,"z":0.007887184619903565},"rotation":{"x":0.32499390840530398,"y":-0.14950881898403169,"z":0.052114106714725497,"w":0.9323700070381165},"size":3.060135841369629,"orthographic":true}