{"cameraMode":{"drawMode":0,"name":"Shaded","section":"Shading Mode"},"sceneLighting":false,"audioPlay":false,"sceneViewState":{"m_AlwaysRefresh":false,"showFog":true,"showSkybox":false,"showFlares":true,"showImageEffects":true,"showParticleSystems":true,"showVisualEffectGraphs":true,"m_FxEnabled":true},"in2DMode":false,"pivot":{"x":-0.683769166469574,"y":3.2956695556640627,"z":-0.34118860960006716},"rotation":{"x":0.17082072794437409,"y":0.4178405702114105,"z":-0.08031585067510605,"w":0.8887019157409668},"size":4.752296447753906,"orthographic":true}