{"cameraMode":{"drawMode":0,"name":"Shaded","section":"Shading Mode"},"sceneLighting":false,"audioPlay":false,"sceneViewState":{"m_AlwaysRefresh":false,"showFog":true,"showSkybox":false,"showFlares":true,"showImageEffects":true,"showParticleSystems":true,"showVisualEffectGraphs":true,"m_FxEnabled":true},"in2DMode":false,"pivot":{"x":-0.6262221336364746,"y":3.6102046966552736,"z":0.7078870534896851},"rotation":{"x":0.23305831849575044,"y":0.38902708888053896,"z":-0.1024208813905716,"w":0.8853797316551209},"size":1.775986909866333,"orthographic":true}