{"cameraMode":{"drawMode":0,"name":"Shaded","section":"Shading Mode"},"sceneLighting":false,"audioPlay":false,"sceneViewState":{"m_AlwaysRefresh":false,"showFog":true,"showSkybox":false,"showFlares":true,"showImageEffects":true,"showParticleSystems":true,"showVisualEffectGraphs":true,"m_FxEnabled":true},"in2DMode":false,"pivot":{"x":7.101762771606445,"y":39.87889099121094,"z":-5.382476806640625},"rotation":{"x":0.05930422246456146,"y":-0.042516663670539859,"z":-0.0025090910494327547,"w":-0.9973698854446411},"size":152.79220581054688,"orthographic":false}