{"cameraMode":{"drawMode":0,"name":"Shaded","section":"Shading Mode"},"sceneLighting":false,"audioPlay":false,"sceneViewState":{"m_AlwaysRefresh":false,"showFog":true,"showSkybox":false,"showFlares":true,"showImageEffects":true,"showParticleSystems":true,"showVisualEffectGraphs":true,"m_FxEnabled":true},"in2DMode":false,"pivot":{"x":0.037606433033943179,"y":0.10767506062984467,"z":0.4761832654476166},"rotation":{"x":0.011927110143005848,"y":0.9505628347396851,"z":-0.3081647753715515,"w":0.03679937869310379},"size":0.19714489579200746,"orthographic":false}